,height,height_lb,time
1,8.0,8.0,0.2929980754852295
2,9.0,9.0,1.0740013122558594
3,10.0,10.0,2.270003080368042
4,11.0,11.0,2.59706974029541
5,12.0,12.0,3.7400107383728014
6,13.0,13.0,6.380016803741455
7,14.0,14.0,7.555917263031006
8,15.0,15.0,10.925996780395508
9,16.0,16.0,16.80202889442444
10,17.0,17.0,25.056389331817627
