,height,height_lb,time
1,8.0,8.0,0.2099452018737793
2,9.0,9.0,0.3440418243408203
3,10.0,10.0,0.6921086311340332
4,11.0,11.0,0.8681595325469971
5,12.0,12.0,1.0666513442993164
6,13.0,13.0,1.500050067901611
7,14.0,14.0,1.6654047966003418
8,15.0,15.0,2.213162660598755
9,16.0,16.0,2.6915106773376465
10,17.0,17.0,4.228664398193359
11,19.0,18.0,46.88876175880432
