,height,height_lb,time
1,8.0,8.0,0.8120031356811523
2,9.0,9.0,1.4610016345977783
3,10.0,10.0,3.3850018978118896
4,11.0,11.0,5.769343376159668
5,12.0,12.0,10.57600474357605
6,13.0,13.0,18.582000732421875
7,14.0,14.0,21.218238830566406
8,15.0,15.0,26.8950777053833
