,height,height_lb,time
1,8.0,8.0,0.7199993133544922
2,9.0,9.0,1.8810029029846191
3,10.0,10.0,3.3680014610290527
4,11.0,11.0,5.5929975509643555
5,12.0,12.0,10.055655717849731
6,13.0,13.0,18.582000732421875
7,14.0,14.0,21.218238830566406
8,15.0,15.0,26.8950777053833
