device width,number of chips,h,solve time
8,4,8,0.4194149971008301
9,5,9,0.3883366584777832
10,6,10,0.4028463363647461
11,7,11,0.35651683807373047
12,8,12,0.4101710319519043
13,9,13,0.42350101470947266
14,9,14,0.41790127754211426
15,10,15,0.3835010528564453
16,10,16,0.4040353298187256
17,12,17,0.46404051780700684
18,16,18,2.245429039001465
19,14,19,0.5616087913513184
20,14,20,0.6503002643585205
21,15,21,0.5006804466247559
22,16,22,0.7839920520782471
