,instance,height,time,solution type
ins-1,1,8,1.595116376876831,optimal
ins-2,2,9,4.345033884048462,optimal
ins-3,3,10,5.470937252044678,optimal
ins-4,4,11,6.285089492797852,optimal
ins-5,5,12,10.114609479904177,optimal
ins-6,6,13,14.945478677749634,optimal
ins-7,7,14,19.59997034072876,optimal
ins-8,8,15,29.06808543205261,optimal
ins-9,9,16,52.28312253952026,optimal
ins-10,10,17,69.95424270629883,optimal
ins-11,11,0,300.0,N|A
ins-12,12,0,300.0,N|A
ins-13,13,0,300.0,N|A
